{"cameraMode":{"drawMode":0,"name":"Shaded","section":"Shading Mode"},"sceneLighting":true,"audioPlay":false,"sceneViewState":{"showFog":true,"showMaterialUpdate":false,"showSkybox":true,"showFlares":true,"showImageEffects":true,"showParticleSystems":true},"in2DMode":false,"pivot":{"x":6.065984725952148,"y":8.71269416809082,"z":-16.089767456054689},"rotation":{"x":-0.059217602014541629,"y":0.5172563791275024,"z":-0.03590824455022812,"w":-0.853023886680603},"size":21.54218864440918,"orthographic":false}