{"cameraMode":{"drawMode":0,"name":"Shaded","section":"Shading Mode"},"sceneLighting":true,"audioPlay":false,"sceneViewState":{"showFog":true,"showMaterialUpdate":false,"showSkybox":true,"showFlares":true,"showImageEffects":true,"showParticleSystems":true},"in2DMode":false,"pivot":{"x":-1.3604850769042969,"y":-1.7639460563659669,"z":-5.897645950317383},"rotation":{"x":0.10518627613782883,"y":0.8710594177246094,"z":-0.2131628692150116,"w":0.4298290014266968},"size":31.153169631958009,"orthographic":true}