{"cameraMode":{"drawMode":0,"name":"Shaded","section":"Shading Mode"},"sceneLighting":true,"audioPlay":false,"sceneViewState":{"showFog":true,"showMaterialUpdate":false,"showSkybox":true,"showFlares":true,"showImageEffects":true,"showParticleSystems":true},"in2DMode":false,"pivot":{"x":-2.7554526329040529,"y":8.417661666870118,"z":-9.169244766235352},"rotation":{"x":0.1659960001707077,"y":-0.022189950570464135,"z":0.003736038925126195,"w":0.9858697056770325},"size":17.038484573364259,"orthographic":false}